<?xml version="1.0" encoding="UTF-8"?><!--
        *** GENERATED FROM jax-ws.xml - DO NOT EDIT !                             ***
        *** TO MODIFY wsimport options USE Web Service node -> Edit WS Attributes ***
        *** TO CHANGE TARGETS GENERATED TO jaxws-build.xml COPY THOSE             ***
        *** TARGETS TO ../build.xml AND MODIFY THAT FILE INSTEAD                  ***

        --><project xmlns:xalan="http://xml.apache.org/xslt" xmlns:j2seproject3="http://www.netbeans.org/ns/j2se-project/3" xmlns:jaxws="http://www.netbeans.org/ns/jax-ws/1">
    <!--
                ===================
                JAX-WS WSIMPORT SECTION
                ===================
            -->
    <target name="wsimport-init" depends="init">
        <mkdir dir="${build.generated.sources.dir}/jax-ws"/>
        <taskdef name="wsimport" classname="com.sun.tools.ws.ant.WsImport">
            <classpath path="${libs.jaxws21.classpath}"/>
        </taskdef>
    </target>
    <target name="wsimport-client-PropostaViaggioEJB" depends="wsimport-init">
        <mkdir dir="${build.generated.dir}/jax-wsCache/PropostaViaggioEJB"/>
        <property name="wsdl-PropostaViaggioEJB" location="xml-resources/web-service-references/PropostaViaggioEJB/wsdl/localhost_8080/PropostaViaggioEJBService/PropostaViaggioEJB.wsdl"/>
        <wsimport sourcedestdir="${build.generated.dir}/jax-wsCache/PropostaViaggioEJB" destdir="${build.generated.dir}/jax-wsCache/PropostaViaggioEJB" wsdl="${wsdl-PropostaViaggioEJB}" catalog="catalog.xml" extension="true" verbose="true" fork="false" wsdlLocation="http://localhost:8080/PropostaViaggioEJBService/PropostaViaggioEJB?wsdl" xnocompile="true" xendorsed="true">
            <depends file="${wsdl-PropostaViaggioEJB}"/>
            <produces dir="${build.generated.dir}/jax-wsCache/PropostaViaggioEJB"/>
        </wsimport>
        <copy todir="${build.generated.sources.dir}/jax-ws">
            <fileset dir="${build.generated.dir}/jax-wsCache/PropostaViaggioEJB">
                <include name="**/*.java"/>
            </fileset>
        </copy>
    </target>
    <target name="wsimport-client-clean-PropostaViaggioEJB" depends="-init-project">
        <delete dir="${build.generated.dir}/jax-wsCache/PropostaViaggioEJB"/>
        <delete dir="${build.generated.sources.dir}/jax-ws/viaggi"/>
    </target>
    <target name="wsimport-client-generate" depends="wsimport-client-PropostaViaggioEJB"/>
</project>
